<?xml version="1.0" encoding="UTF-8"?>
<project-private xmlns="http://www.netbeans.org/ns/project-private/1">
    <editor-bookmarks xmlns="http://www.netbeans.org/ns/editor-bookmarks/2" lastBookmarkId="0"/>
    <open-files xmlns="http://www.netbeans.org/ns/projectui-open-files/2">
        <group>
            <file>file:/C:/Users/celver%20ortiz/Documents/Grade%2010/NetBeansProjects/Project%20Planner/src/HomeController.java</file>
            <file>file:/C:/Users/celver%20ortiz/Documents/Grade%2010/NetBeansProjects/Project%20Planner/src/ProjectPlanner.java</file>
            <file>file:/C:/Users/celver%20ortiz/Documents/Grade%2010/NetBeansProjects/Project%20Planner/src/CalendarController.java</file>
            <file>file:/C:/Users/celver%20ortiz/Documents/Grade%2010/NetBeansProjects/Project%20Planner/src/ProjectsController.java</file>
            <file>file:/C:/Users/celver%20ortiz/Documents/Grade%2010/NetBeansProjects/Project%20Planner/src/ProjectSpecificController.java</file>
        </group>
    </open-files>
</project-private>
